{
    "BlendMode": 2,
    "EmitRate": 5,
    "EndColor": {
        "Max": {
            "w": 0.0,
            "x": 0.0,
            "y": 0.6409265995025635,
            "z": 1.0
        },
        "Min": {
            "w": 0.0,
            "x": 0.24762576818466187,
            "y": 0.2046331763267517,
            "z": 1.0
        }
    },
    "EndSize": {
        "Max": 0.5,
        "Min": 0.30000001192092896
    },
    "LifeTime": {
        "Max": 1.0,
        "Min": 1.0
    },
    "MaxEffects": 5,
    "StartColor": {
        "Max": {
            "w": 1.0,
            "x": 0.22164250910282135,
            "y": 0.9729729890823364,
            "z": 0.4247048795223236
        },
        "Min": {
            "w": 1.0,
            "x": 0.0,
            "y": 1.0,
            "z": 0.38610029220581055
        }
    },
    "StartSize": {
        "Max": 1.5,
        "Min": 1.0
    },
    "Texture": "circle.png",
    "Velocity": {
        "Max": {
            "x": 1.0,
            "y": 2.0,
            "z": 1.0
        },
        "Min": {
            "x": -1.0,
            "y": 0.5,
            "z": -1.0
        }
    }
}