{
    "BlendMode": 2,
    "EmitRate": 10,
    "EndColor": {
        "Max": {
            "w": 0.0,
            "x": 1.0,
            "y": 0.44015443325042725,
            "z": 0.0
        },
        "Min": {
            "w": 0.0,
            "x": 0.49420857429504395,
            "y": 1.0,
            "z": 0.0
        }
    },
    "EndSize": {
        "Max": 1.0,
        "Min": 0.20000000298023224
    },
    "LifeTime": {
        "Max": 2.0,
        "Min": 1.0
    },
    "MaxEffects": 40,
    "StartColor": {
        "Max": {
            "w": 1.0,
            "x": 0.6100386381149292,
            "y": 1.0,
            "z": 0.0
        },
        "Min": {
            "w": 1.0,
            "x": 1.0,
            "y": 0.0,
            "z": 0.4401545524597168
        }
    },
    "StartSize": {
        "Max": 1.0,
        "Min": 1.0
    },
    "Texture": "star.png",
    "Velocity": {
        "Max": {
            "x": 10.0,
            "y": 60.0,
            "z": 10.0
        },
        "Min": {
            "x": -10.0,
            "y": 50.0,
            "z": -10.0
        }
    }
}